model1,model2,r,rho,rmse
JTT,HIVb,0.9061267006878838,30.92574616588492
JTT,WAG,0.9354758621601187,1.726886963893806
HIVb,WAG,0.8179191315416202,32.48848004448868